<?xml version="1.0" encoding="utf-8"?>
<rss version="2.0">
  <channel>
    <title>Google Doodles</title>
    <link>http://www.google.com/doodles</link>
    <description>Holiday Logos and Events - Google style! A collection of all Google logos
    commemorating holidays and events around the world.</description>
    <language>en</language>

  
    <item>
      <title>Children&#39;s Day 2014 - Turkey</title>
      <link>http://www.google.com/doodles/childrens-day-2014-turkey</link>

      <description>

  &lt;p&gt;&lt;a href=&quot;http://www.google.com/doodles/childrens-day-2014-turkey&quot;&gt;
     &lt;img src=&quot;//lh3.ggpht.com/AGLfg4K0vfAB7tF_DK8nSGxP6_Q0QDTGlnGUwo5zJxLl6slGdWz4iiTOLz3TmQwH9NGhRNQZZs8PDsRqaLDLx0nCEOMAcNc52z2xjlU&quot; alt=&quot;Children&amp;#39;s Day 2014 - Turkey&quot;/&gt;&lt;/a&gt;&lt;/p&gt;
  &lt;p&gt;&lt;strong&gt;Date:&lt;/strong&gt; April 23, 2014&lt;/p&gt;
  
  &lt;p&gt;&lt;strong&gt;Location:&lt;/strong&gt;
     
       
         &lt;a href=&quot;http://www.google.com/doodles/search?query=Turkey&quot;&gt;Turkey&lt;/a&gt;
       
    
  &lt;/p&gt;
  &lt;p&gt;&lt;strong&gt;Tags:&lt;/strong&gt;
    
      &lt;a href=&quot;http://www.google.com/doodles/search?query=crayons&quot;&gt;crayons&lt;/a&gt;,
    
      &lt;a href=&quot;http://www.google.com/doodles/search?query=kids&quot;&gt;kids&lt;/a&gt;,
    
      &lt;a href=&quot;http://www.google.com/doodles/search?query=children&quot;&gt;children&lt;/a&gt;,
    
      &lt;a href=&quot;http://www.google.com/doodles/search?query=colors&quot;&gt;colors&lt;/a&gt;,
    
      &lt;a href=&quot;http://www.google.com/doodles/search?query=paper&quot;&gt;paper&lt;/a&gt;,
    
      &lt;a href=&quot;http://www.google.com/doodles/search?query=drawings&quot;&gt;drawings&lt;/a&gt;,
    
      &lt;a href=&quot;http://www.google.com/doodles/search?query=drawing&quot;&gt;drawing&lt;/a&gt;
    
  &lt;/p&gt;

      </description>

    </item>
  

  
    <item>
      <title>Max Planck&#39;s 156th Birthday (born 1858)</title>
      <link>http://www.google.com/doodles/max-plancks-156th-birthday-born-1858</link>

      <description>

  &lt;p&gt;&lt;a href=&quot;http://www.google.com/doodles/max-plancks-156th-birthday-born-1858&quot;&gt;
     &lt;img src=&quot;//lh5.ggpht.com/c5V83I8nDxIVQnY_f33DL4pahseh1pPdFWO3mkvqljGvKGWdymu2dWPBPrDCgQ47yRHEb1ZhclAF5F1LXiNWiGVVnJNjca4Lp5HM01NB&quot; alt=&quot;Max Planck&amp;#39;s 156th Birthday (born 1858)&quot;/&gt;&lt;/a&gt;&lt;/p&gt;
  &lt;p&gt;&lt;strong&gt;Date:&lt;/strong&gt; April 23, 2014&lt;/p&gt;
  
  &lt;p&gt;&lt;strong&gt;Location:&lt;/strong&gt;
     
       
         &lt;a href=&quot;http://www.google.com/doodles/search?query=Algeria&quot;&gt;Algeria&lt;/a&gt;,
       
         &lt;a href=&quot;http://www.google.com/doodles/search?query=Austria&quot;&gt;Austria&lt;/a&gt;,
       
         &lt;a href=&quot;http://www.google.com/doodles/search?query=Bahrain&quot;&gt;Bahrain&lt;/a&gt;,
       
         &lt;a href=&quot;http://www.google.com/doodles/search?query=Egypt&quot;&gt;Egypt&lt;/a&gt;,
       
         &lt;a href=&quot;http://www.google.com/doodles/search?query=Germany&quot;&gt;Germany&lt;/a&gt;,
       
         &lt;a href=&quot;http://www.google.com/doodles/search?query=Iraq&quot;&gt;Iraq&lt;/a&gt;,
       
         &lt;a href=&quot;http://www.google.com/doodles/search?query=Jordan&quot;&gt;Jordan&lt;/a&gt;,
       
         &lt;a href=&quot;http://www.google.com/doodles/search?query=Kuwait&quot;&gt;Kuwait&lt;/a&gt;,
       
         &lt;a href=&quot;http://www.google.com/doodles/search?query=Lebanon&quot;&gt;Lebanon&lt;/a&gt;,
       
         &lt;a href=&quot;http://www.google.com/doodles/search?query=Libya&quot;&gt;Libya&lt;/a&gt;,
       
         &lt;a href=&quot;http://www.google.com/doodles/search?query=Lithuania&quot;&gt;Lithuania&lt;/a&gt;,
       
         &lt;a href=&quot;http://www.google.com/doodles/search?query=Morocco&quot;&gt;Morocco&lt;/a&gt;,
       
         &lt;a href=&quot;http://www.google.com/doodles/search?query=Oman&quot;&gt;Oman&lt;/a&gt;,
       
         &lt;a href=&quot;http://www.google.com/doodles/search?query=Palestine&quot;&gt;Palestine&lt;/a&gt;,
       
         &lt;a href=&quot;http://www.google.com/doodles/search?query=Switzerland&quot;&gt;Switzerland&lt;/a&gt;,
       
         &lt;a href=&quot;http://www.google.com/doodles/search?query=Tunisia&quot;&gt;Tunisia&lt;/a&gt;,
       
         &lt;a href=&quot;http://www.google.com/doodles/search?query=United Arab Emirates&quot;&gt;United Arab Emirates&lt;/a&gt;
       
    
  &lt;/p&gt;
  &lt;p&gt;&lt;strong&gt;Tags:&lt;/strong&gt;
    
      &lt;a href=&quot;http://www.google.com/doodles/search?query=Quantum Theory&quot;&gt;Quantum Theory&lt;/a&gt;,
    
      &lt;a href=&quot;http://www.google.com/doodles/search?query=Sciences&quot;&gt;Sciences&lt;/a&gt;,
    
      &lt;a href=&quot;http://www.google.com/doodles/search?query=Birthday&quot;&gt;Birthday&lt;/a&gt;,
    
      &lt;a href=&quot;http://www.google.com/doodles/search?query=Physics&quot;&gt;Physics&lt;/a&gt;
    
  &lt;/p&gt;

      </description>

    </item>
  

  
    <item>
      <title>St. George&#39;s Day</title>
      <link>http://www.google.com/doodles/st-georges-day</link>

      <description>

  &lt;p&gt;&lt;a href=&quot;http://www.google.com/doodles/st-georges-day&quot;&gt;
     &lt;img src=&quot;//lh4.ggpht.com/iHR11JKbzEgy8mPLkcQpnColaRIdIeChlkX4p5L1KAxjQv5x1xXzXhSymm-mA2UsYf0k7WnESQnyX7WJyZtYjahxOHBoIieS7I7AHcI&quot; alt=&quot;St. George&amp;#39;s Day&quot;/&gt;&lt;/a&gt;&lt;/p&gt;
  &lt;p&gt;&lt;strong&gt;Date:&lt;/strong&gt; April 23, 2014&lt;/p&gt;
  
  &lt;p&gt;&lt;strong&gt;Location:&lt;/strong&gt;
     
       
         &lt;a href=&quot;http://www.google.com/doodles/search?query=United Kingdom&quot;&gt;United Kingdom&lt;/a&gt;
       
    
  &lt;/p&gt;
  &lt;p&gt;&lt;strong&gt;Tags:&lt;/strong&gt;
    
  &lt;/p&gt;

      </description>

    </item>
  

  
    <item>
      <title>Pixinguinha&#39;s 117th Birthday (born 1897)</title>
      <link>http://www.google.com/doodles/pixinguinhas-117th-birthday-born-1897</link>

      <description>

  &lt;p&gt;&lt;a href=&quot;http://www.google.com/doodles/pixinguinhas-117th-birthday-born-1897&quot;&gt;
     &lt;img src=&quot;//lh3.ggpht.com/yTG6t_AVYMAPMGITVRpF5k11H0-7FQNo9b7jRMeIUUdQ_TMDa5hzdILEXNrHHlCN1wkA2c0r-4JaEXm-zy4EceC_9HBnUa6Iud1mDJ8&quot; alt=&quot;Pixinguinha&amp;#39;s 117th Birthday (born 1897)&quot;/&gt;&lt;/a&gt;&lt;/p&gt;
  &lt;p&gt;&lt;strong&gt;Date:&lt;/strong&gt; April 23, 2014&lt;/p&gt;
  
  &lt;p&gt;&lt;strong&gt;Location:&lt;/strong&gt;
     
       
         &lt;a href=&quot;http://www.google.com/doodles/search?query=Brazil&quot;&gt;Brazil&lt;/a&gt;
       
    
  &lt;/p&gt;
  &lt;p&gt;&lt;strong&gt;Tags:&lt;/strong&gt;
    
      &lt;a href=&quot;http://www.google.com/doodles/search?query=coro&quot;&gt;coro&lt;/a&gt;,
    
      &lt;a href=&quot;http://www.google.com/doodles/search?query=colorful&quot;&gt;colorful&lt;/a&gt;,
    
      &lt;a href=&quot;http://www.google.com/doodles/search?query=jazz&quot;&gt;jazz&lt;/a&gt;,
    
      &lt;a href=&quot;http://www.google.com/doodles/search?query=sax&quot;&gt;sax&lt;/a&gt;,
    
      &lt;a href=&quot;http://www.google.com/doodles/search?query=speech bubble&quot;&gt;speech bubble&lt;/a&gt;,
    
      &lt;a href=&quot;http://www.google.com/doodles/search?query=Birthday&quot;&gt;Birthday&lt;/a&gt;,
    
      &lt;a href=&quot;http://www.google.com/doodles/search?query=saxophone&quot;&gt;saxophone&lt;/a&gt;,
    
      &lt;a href=&quot;http://www.google.com/doodles/search?query=woodwind&quot;&gt;woodwind&lt;/a&gt;,
    
      &lt;a href=&quot;http://www.google.com/doodles/search?query=Music&quot;&gt;Music&lt;/a&gt;,
    
      &lt;a href=&quot;http://www.google.com/doodles/search?query=hat&quot;&gt;hat&lt;/a&gt;
    
  &lt;/p&gt;

      </description>

    </item>
  

  
    <item>
      <title>Earth Day</title>
      <link>http://www.google.com/doodles/earth-day</link>

      <description>

  &lt;p&gt;&lt;a href=&quot;http://www.google.com/doodles/earth-day&quot;&gt;
     &lt;img src=&quot;//lh3.ggpht.com/kViWCe4I-LxV219MUnVKfJ97yt7R2qMglgchuXy4AOWD7fmpi8uGkZb1dbDn0htn9_LsbP8v0eN7VOR8GKMf9QlA8OUcBTSBPMGfUII&quot; alt=&quot;Earth Day&quot;/&gt;&lt;/a&gt;&lt;/p&gt;
  &lt;p&gt;&lt;strong&gt;Date:&lt;/strong&gt; April 22, 2014&lt;/p&gt;
  
  &lt;p&gt;&lt;strong&gt;Location:&lt;/strong&gt;
     
       &lt;a href=&quot;http://www.google.com/doodles/search?query=Global&quot;&gt;Global&lt;/a&gt;
     
  &lt;/p&gt;
  &lt;p&gt;&lt;strong&gt;Tags:&lt;/strong&gt;
    
      &lt;a href=&quot;http://www.google.com/doodles/search?query=pufferfish&quot;&gt;pufferfish&lt;/a&gt;,
    
      &lt;a href=&quot;http://www.google.com/doodles/search?query=National Holiday&quot;&gt;National Holiday&lt;/a&gt;,
    
      &lt;a href=&quot;http://www.google.com/doodles/search?query=animals&quot;&gt;animals&lt;/a&gt;,
    
      &lt;a href=&quot;http://www.google.com/doodles/search?query=snow monkey&quot;&gt;snow monkey&lt;/a&gt;,
    
      &lt;a href=&quot;http://www.google.com/doodles/search?query=chameleon&quot;&gt;chameleon&lt;/a&gt;,
    
      &lt;a href=&quot;http://www.google.com/doodles/search?query=wildlife&quot;&gt;wildlife&lt;/a&gt;,
    
      &lt;a href=&quot;http://www.google.com/doodles/search?query=dung beetle&quot;&gt;dung beetle&lt;/a&gt;,
    
      &lt;a href=&quot;http://www.google.com/doodles/search?query=animation&quot;&gt;animation&lt;/a&gt;,
    
      &lt;a href=&quot;http://www.google.com/doodles/search?query=jellyfish&quot;&gt;jellyfish&lt;/a&gt;,
    
      &lt;a href=&quot;http://www.google.com/doodles/search?query=beetle&quot;&gt;beetle&lt;/a&gt;,
    
      &lt;a href=&quot;http://www.google.com/doodles/search?query=fauna&quot;&gt;fauna&lt;/a&gt;,
    
      &lt;a href=&quot;http://www.google.com/doodles/search?query=animated&quot;&gt;animated&lt;/a&gt;,
    
      &lt;a href=&quot;http://www.google.com/doodles/search?query=nature&quot;&gt;nature&lt;/a&gt;,
    
      &lt;a href=&quot;http://www.google.com/doodles/search?query=hummingbird&quot;&gt;hummingbird&lt;/a&gt;
    
  &lt;/p&gt;

      </description>

    </item>
  

  
    <item>
      <title>Charlotte Brontë&#39;s 198th Birthday (born 1816)</title>
      <link>http://www.google.com/doodles/charlotte-brontes-198th-birthday-born-1816</link>

      <description>

  &lt;p&gt;&lt;a href=&quot;http://www.google.com/doodles/charlotte-brontes-198th-birthday-born-1816&quot;&gt;
     &lt;img src=&quot;//lh3.ggpht.com/j3vMivewoZqD97rekX55rCVSWE4VLE07-Re3BpKZYFcSdFROkLmu-WQHSLfWGAQP1PXcXxkAkmvhVDp8G5ULu1eZiI2raxc_TS-Vq46O3w&quot; alt=&quot;Charlotte Brontë&amp;#39;s 198th Birthday (born 1816)&quot;/&gt;&lt;/a&gt;&lt;/p&gt;
  &lt;p&gt;&lt;strong&gt;Date:&lt;/strong&gt; April 21, 2014&lt;/p&gt;
  
  &lt;p&gt;&lt;strong&gt;Location:&lt;/strong&gt;
     
       
         &lt;a href=&quot;http://www.google.com/doodles/search?query=Algeria&quot;&gt;Algeria&lt;/a&gt;,
       
         &lt;a href=&quot;http://www.google.com/doodles/search?query=Australia&quot;&gt;Australia&lt;/a&gt;,
       
         &lt;a href=&quot;http://www.google.com/doodles/search?query=Bahrain&quot;&gt;Bahrain&lt;/a&gt;,
       
         &lt;a href=&quot;http://www.google.com/doodles/search?query=Egypt&quot;&gt;Egypt&lt;/a&gt;,
       
         &lt;a href=&quot;http://www.google.com/doodles/search?query=Iraq&quot;&gt;Iraq&lt;/a&gt;,
       
         &lt;a href=&quot;http://www.google.com/doodles/search?query=Ireland&quot;&gt;Ireland&lt;/a&gt;,
       
         &lt;a href=&quot;http://www.google.com/doodles/search?query=Jordan&quot;&gt;Jordan&lt;/a&gt;,
       
         &lt;a href=&quot;http://www.google.com/doodles/search?query=Kuwait&quot;&gt;Kuwait&lt;/a&gt;,
       
         &lt;a href=&quot;http://www.google.com/doodles/search?query=Lebanon&quot;&gt;Lebanon&lt;/a&gt;,
       
         &lt;a href=&quot;http://www.google.com/doodles/search?query=Libya&quot;&gt;Libya&lt;/a&gt;,
       
         &lt;a href=&quot;http://www.google.com/doodles/search?query=Lithuania&quot;&gt;Lithuania&lt;/a&gt;,
       
         &lt;a href=&quot;http://www.google.com/doodles/search?query=Morocco&quot;&gt;Morocco&lt;/a&gt;,
       
         &lt;a href=&quot;http://www.google.com/doodles/search?query=Oman&quot;&gt;Oman&lt;/a&gt;,
       
         &lt;a href=&quot;http://www.google.com/doodles/search?query=Palestine&quot;&gt;Palestine&lt;/a&gt;,
       
         &lt;a href=&quot;http://www.google.com/doodles/search?query=Qatar&quot;&gt;Qatar&lt;/a&gt;,
       
         &lt;a href=&quot;http://www.google.com/doodles/search?query=Russia&quot;&gt;Russia&lt;/a&gt;,
       
         &lt;a href=&quot;http://www.google.com/doodles/search?query=Saudi Arabia&quot;&gt;Saudi Arabia&lt;/a&gt;,
       
         &lt;a href=&quot;http://www.google.com/doodles/search?query=Tunisia&quot;&gt;Tunisia&lt;/a&gt;,
       
         &lt;a href=&quot;http://www.google.com/doodles/search?query=United Arab Emirates&quot;&gt;United Arab Emirates&lt;/a&gt;,
       
         &lt;a href=&quot;http://www.google.com/doodles/search?query=United Kingdom&quot;&gt;United Kingdom&lt;/a&gt;
       
    
  &lt;/p&gt;
  &lt;p&gt;&lt;strong&gt;Tags:&lt;/strong&gt;
    
      &lt;a href=&quot;http://www.google.com/doodles/search?query=bushes&quot;&gt;bushes&lt;/a&gt;,
    
      &lt;a href=&quot;http://www.google.com/doodles/search?query=Charlotte&quot;&gt;Charlotte&lt;/a&gt;,
    
      &lt;a href=&quot;http://www.google.com/doodles/search?query=literature&quot;&gt;literature&lt;/a&gt;,
    
      &lt;a href=&quot;http://www.google.com/doodles/search?query=clouds&quot;&gt;clouds&lt;/a&gt;,
    
      &lt;a href=&quot;http://www.google.com/doodles/search?query=field&quot;&gt;field&lt;/a&gt;,
    
      &lt;a href=&quot;http://www.google.com/doodles/search?query=house&quot;&gt;house&lt;/a&gt;,
    
      &lt;a href=&quot;http://www.google.com/doodles/search?query=sky&quot;&gt;sky&lt;/a&gt;,
    
      &lt;a href=&quot;http://www.google.com/doodles/search?query=trees&quot;&gt;trees&lt;/a&gt;,
    
      &lt;a href=&quot;http://www.google.com/doodles/search?query=Yorkshire&quot;&gt;Yorkshire&lt;/a&gt;,
    
      &lt;a href=&quot;http://www.google.com/doodles/search?query=Bronte&quot;&gt;Bronte&lt;/a&gt;,
    
      &lt;a href=&quot;http://www.google.com/doodles/search?query=Eyre&quot;&gt;Eyre&lt;/a&gt;,
    
      &lt;a href=&quot;http://www.google.com/doodles/search?query=Jane&quot;&gt;Jane&lt;/a&gt;,
    
      &lt;a href=&quot;http://www.google.com/doodles/search?query=landscape&quot;&gt;landscape&lt;/a&gt;
    
  &lt;/p&gt;

      </description>

    </item>
  

  
    <item>
      <title>Ivana Brlić Mažuranić&#39;s 140th Birthday (born 1874)</title>
      <link>http://www.google.com/doodles/ivana-brlic-mazuranics-140th-birthday-born-1874</link>

      <description>

  &lt;p&gt;&lt;a href=&quot;http://www.google.com/doodles/ivana-brlic-mazuranics-140th-birthday-born-1874&quot;&gt;
     &lt;img src=&quot;//lh4.ggpht.com/bd7y0XYFjqg44W4idK30rW_XeuMLMKUcx5yWF-ro9ctTtpeiRU8FVMLsa-8NrWPIo5GQ7AdR5k_V63ay_GJ3PMnjWpElml-WFuBTNmlO&quot; alt=&quot;Ivana Brlić Mažuranić&amp;#39;s 140th Birthday (born 1874)&quot;/&gt;&lt;/a&gt;&lt;/p&gt;
  &lt;p&gt;&lt;strong&gt;Date:&lt;/strong&gt; April 18, 2014&lt;/p&gt;
  
  &lt;p&gt;&lt;strong&gt;Location:&lt;/strong&gt;
     
       
         &lt;a href=&quot;http://www.google.com/doodles/search?query=Croatia&quot;&gt;Croatia&lt;/a&gt;
       
    
  &lt;/p&gt;
  &lt;p&gt;&lt;strong&gt;Tags:&lt;/strong&gt;
    
      &lt;a href=&quot;http://www.google.com/doodles/search?query=Bridge&quot;&gt;Bridge&lt;/a&gt;,
    
      &lt;a href=&quot;http://www.google.com/doodles/search?query=Literature&quot;&gt;Literature&lt;/a&gt;,
    
      &lt;a href=&quot;http://www.google.com/doodles/search?query=Gita&quot;&gt;Gita&lt;/a&gt;,
    
      &lt;a href=&quot;http://www.google.com/doodles/search?query=Parrot&quot;&gt;Parrot&lt;/a&gt;,
    
      &lt;a href=&quot;http://www.google.com/doodles/search?query=Bundaš&quot;&gt;Bundaš&lt;/a&gt;,
    
      &lt;a href=&quot;http://www.google.com/doodles/search?query=Fire&quot;&gt;Fire&lt;/a&gt;,
    
      &lt;a href=&quot;http://www.google.com/doodles/search?query=Adventure&quot;&gt;Adventure&lt;/a&gt;,
    
      &lt;a href=&quot;http://www.google.com/doodles/search?query=Travel&quot;&gt;Travel&lt;/a&gt;,
    
      &lt;a href=&quot;http://www.google.com/doodles/search?query=Dog&quot;&gt;Dog&lt;/a&gt;,
    
      &lt;a href=&quot;http://www.google.com/doodles/search?query=Boots&quot;&gt;Boots&lt;/a&gt;,
    
      &lt;a href=&quot;http://www.google.com/doodles/search?query=Hlapić&quot;&gt;Hlapić&lt;/a&gt;,
    
      &lt;a href=&quot;http://www.google.com/doodles/search?query=Laptich&quot;&gt;Laptich&lt;/a&gt;,
    
      &lt;a href=&quot;http://www.google.com/doodles/search?query=Birthday&quot;&gt;Birthday&lt;/a&gt;,
    
      &lt;a href=&quot;http://www.google.com/doodles/search?query=Rain&quot;&gt;Rain&lt;/a&gt;,
    
      &lt;a href=&quot;http://www.google.com/doodles/search?query=Master Mrkonja&quot;&gt;Master Mrkonja&lt;/a&gt;,
    
      &lt;a href=&quot;http://www.google.com/doodles/search?query=Amadeus&quot;&gt;Amadeus&lt;/a&gt;,
    
      &lt;a href=&quot;http://www.google.com/doodles/search?query=Shoemaker&quot;&gt;Shoemaker&lt;/a&gt;,
    
      &lt;a href=&quot;http://www.google.com/doodles/search?query=Barn&quot;&gt;Barn&lt;/a&gt;,
    
      &lt;a href=&quot;http://www.google.com/doodles/search?query=Hammer&quot;&gt;Hammer&lt;/a&gt;,
    
      &lt;a href=&quot;http://www.google.com/doodles/search?query=Hlapich&quot;&gt;Hlapich&lt;/a&gt;,
    
      &lt;a href=&quot;http://www.google.com/doodles/search?query=Apprentice&quot;&gt;Apprentice&lt;/a&gt;
    
  &lt;/p&gt;

      </description>

    </item>
  

  
    <item>
      <title>The Peak District becomes Britain&#39;s 1st National Park</title>
      <link>http://www.google.com/doodles/the-peak-district-becomes-britains-1st-national-park</link>

      <description>

  &lt;p&gt;&lt;a href=&quot;http://www.google.com/doodles/the-peak-district-becomes-britains-1st-national-park&quot;&gt;
     &lt;img src=&quot;//lh3.ggpht.com/C8EasozXxwbS-qKWDBj8k3GPAo61PMJrBLeBVAHhxfXyZwV4qQZb6689hb5NnK2r4SOYgP08Jk0M7SgO0ReXomtV-TtZFGxY5fWxmLTh&quot; alt=&quot;The Peak District becomes Britain&amp;#39;s 1st National Park&quot;/&gt;&lt;/a&gt;&lt;/p&gt;
  &lt;p&gt;&lt;strong&gt;Date:&lt;/strong&gt; April 17, 2014&lt;/p&gt;
  
  &lt;p&gt;&lt;strong&gt;Location:&lt;/strong&gt;
     
       
         &lt;a href=&quot;http://www.google.com/doodles/search?query=United Kingdom&quot;&gt;United Kingdom&lt;/a&gt;
       
    
  &lt;/p&gt;
  &lt;p&gt;&lt;strong&gt;Tags:&lt;/strong&gt;
    
      &lt;a href=&quot;http://www.google.com/doodles/search?query=Stones&quot;&gt;Stones&lt;/a&gt;,
    
      &lt;a href=&quot;http://www.google.com/doodles/search?query=Mountains&quot;&gt;Mountains&lt;/a&gt;,
    
      &lt;a href=&quot;http://www.google.com/doodles/search?query=Nature&quot;&gt;Nature&lt;/a&gt;,
    
      &lt;a href=&quot;http://www.google.com/doodles/search?query=Hikers&quot;&gt;Hikers&lt;/a&gt;,
    
      &lt;a href=&quot;http://www.google.com/doodles/search?query=National Park&quot;&gt;National Park&lt;/a&gt;,
    
      &lt;a href=&quot;http://www.google.com/doodles/search?query=Landmark&quot;&gt;Landmark&lt;/a&gt;,
    
      &lt;a href=&quot;http://www.google.com/doodles/search?query=Landscape&quot;&gt;Landscape&lt;/a&gt;,
    
      &lt;a href=&quot;http://www.google.com/doodles/search?query=History&quot;&gt;History&lt;/a&gt;
    
  &lt;/p&gt;

      </description>

    </item>
  

  
    <item>
      <title>Averroes&#39; 888th Birthday (born 1126)</title>
      <link>http://www.google.com/doodles/averroes-888th-birthday-born-1126</link>

      <description>

  &lt;p&gt;&lt;a href=&quot;http://www.google.com/doodles/averroes-888th-birthday-born-1126&quot;&gt;
     &lt;img src=&quot;//lh4.ggpht.com/mrfW4n7nR5loT_l3r-pSk4N2Cl7JX3jym72PCi5SHHc2puf012ZiHpUFeLfFuIdqVeIvz4gomVZ1__2sZfcYBv3pxOzvj2_RzRXF8aY&quot; alt=&quot;Averroes&amp;#39; 888th Birthday (born 1126)&quot;/&gt;&lt;/a&gt;&lt;/p&gt;
  &lt;p&gt;&lt;strong&gt;Date:&lt;/strong&gt; April 14, 2014&lt;/p&gt;
  
  &lt;p&gt;&lt;strong&gt;Location:&lt;/strong&gt;
     
       
         &lt;a href=&quot;http://www.google.com/doodles/search?query=Algeria&quot;&gt;Algeria&lt;/a&gt;,
       
         &lt;a href=&quot;http://www.google.com/doodles/search?query=Bahrain&quot;&gt;Bahrain&lt;/a&gt;,
       
         &lt;a href=&quot;http://www.google.com/doodles/search?query=Egypt&quot;&gt;Egypt&lt;/a&gt;,
       
         &lt;a href=&quot;http://www.google.com/doodles/search?query=Iraq&quot;&gt;Iraq&lt;/a&gt;,
       
         &lt;a href=&quot;http://www.google.com/doodles/search?query=Jordan&quot;&gt;Jordan&lt;/a&gt;,
       
         &lt;a href=&quot;http://www.google.com/doodles/search?query=Kuwait&quot;&gt;Kuwait&lt;/a&gt;,
       
         &lt;a href=&quot;http://www.google.com/doodles/search?query=Lebanon&quot;&gt;Lebanon&lt;/a&gt;,
       
         &lt;a href=&quot;http://www.google.com/doodles/search?query=Libya&quot;&gt;Libya&lt;/a&gt;,
       
         &lt;a href=&quot;http://www.google.com/doodles/search?query=Morocco&quot;&gt;Morocco&lt;/a&gt;,
       
         &lt;a href=&quot;http://www.google.com/doodles/search?query=Oman&quot;&gt;Oman&lt;/a&gt;,
       
         &lt;a href=&quot;http://www.google.com/doodles/search?query=Palestine&quot;&gt;Palestine&lt;/a&gt;,
       
         &lt;a href=&quot;http://www.google.com/doodles/search?query=Qatar&quot;&gt;Qatar&lt;/a&gt;,
       
         &lt;a href=&quot;http://www.google.com/doodles/search?query=Saudi Arabia&quot;&gt;Saudi Arabia&lt;/a&gt;,
       
         &lt;a href=&quot;http://www.google.com/doodles/search?query=Spain&quot;&gt;Spain&lt;/a&gt;,
       
         &lt;a href=&quot;http://www.google.com/doodles/search?query=Tunisia&quot;&gt;Tunisia&lt;/a&gt;,
       
         &lt;a href=&quot;http://www.google.com/doodles/search?query=United Arab Emirates&quot;&gt;United Arab Emirates&lt;/a&gt;
       
    
  &lt;/p&gt;
  &lt;p&gt;&lt;strong&gt;Tags:&lt;/strong&gt;
    
  &lt;/p&gt;

      </description>

    </item>
  

  
    <item>
      <title>D4G Russia Winner </title>
      <link>http://www.google.com/doodles/d4g-russia-winner</link>

      <description>

  &lt;p&gt;&lt;a href=&quot;http://www.google.com/doodles/d4g-russia-winner&quot;&gt;
     &lt;img src=&quot;//lh5.ggpht.com/tfhFT-kiwFefPis6EeVxZ33CbUZA7Uxzcotq5Z96A1zimS4pMRVAYvtPeLiyAHm54FrTyfsstHivnhK6G5hcxz9dapNimY0QnsePpOgB&quot; alt=&quot;D4G Russia Winner &quot;/&gt;&lt;/a&gt;&lt;/p&gt;
  &lt;p&gt;&lt;strong&gt;Date:&lt;/strong&gt; April 12, 2014&lt;/p&gt;
  
  &lt;p&gt;&lt;strong&gt;Location:&lt;/strong&gt;
     
       
         &lt;a href=&quot;http://www.google.com/doodles/search?query=Russia&quot;&gt;Russia&lt;/a&gt;
       
    
  &lt;/p&gt;
  &lt;p&gt;&lt;strong&gt;Tags:&lt;/strong&gt;
    
  &lt;/p&gt;

      </description>

    </item>
  

  
    <item>
      <title>Percy Julian&#39;s 115th Birthday </title>
      <link>http://www.google.com/doodles/percy-julians-115th-birthday</link>

      <description>

  &lt;p&gt;&lt;a href=&quot;http://www.google.com/doodles/percy-julians-115th-birthday&quot;&gt;
     &lt;img src=&quot;//lh4.ggpht.com/Qc-RSq74qjeRevbWEOHfquMirT_2ynfteLbMY7YeRBActqIm7UnayNoJR3yD8_ImEMR44_hkSSh0__Gvz-TayjqFilSlOmImi8kk6m1aeQ&quot; alt=&quot;Percy Julian&amp;#39;s 115th Birthday &quot;/&gt;&lt;/a&gt;&lt;/p&gt;
  &lt;p&gt;&lt;strong&gt;Date:&lt;/strong&gt; April 11, 2014&lt;/p&gt;
  
  &lt;p&gt;&lt;div style=&quot;background-color: white; color: #505050; font-family: Georgia, &#39;Times New Roman&#39;, serif; font-size: 14px; line-height: 25.200000762939453px; margin-bottom: 1em; margin-top: 0em;&quot;&gt;
If you are intrigued by today&#39;s doodle on the U.S. Google homepage, celebrating organic chemist, Dr. Percy Julian, I can provide no better recommendation than to watch the&amp;nbsp;&lt;span style=&quot;color: #90c0d0;&quot;&gt;&lt;a href=&quot;http://www.pbs.org/wgbh/nova/physics/forgotten-genius.html&quot; target=&quot;_blank&quot;&gt;PBS documentar&lt;/a&gt;&lt;/span&gt;&lt;span style=&quot;text-decoration: underline;&quot;&gt;&lt;span style=&quot;color: #90c0d0;&quot;&gt;&lt;a href=&quot;http://www.pbs.org/wgbh/nova/physics/forgotten-genius.html&quot; target=&quot;_blank&quot;&gt;y, Forgotten Genius&lt;/a&gt;&lt;/span&gt;,&lt;/span&gt;&amp;nbsp;illustrating both his personal life and life&#39;s work.&lt;/div&gt;
&lt;div class=&quot;separator&quot; style=&quot;clear: both; text-align: center;&quot;&gt;
&lt;a href=&quot;http://2.bp.blogspot.com/-2f9NoiCYqEw/U0grrstxx1I/AAAAAAAAG0o/6qLrLCjzvlw/s1600/julian14-portrait.jpg&quot; imageanchor=&quot;1&quot; style=&quot;margin-left: 1em; margin-right: 1em;&quot;&gt;&lt;img border=&quot;0&quot; src=&quot;http://2.bp.blogspot.com/-2f9NoiCYqEw/U0grrstxx1I/AAAAAAAAG0o/6qLrLCjzvlw/s1600/julian14-portrait.jpg&quot; height=&quot;303&quot; width=&quot;320&quot; /&gt;&lt;/a&gt;&lt;/div&gt;
&lt;div style=&quot;background-color: white; color: #505050; font-family: Georgia, &#39;Times New Roman&#39;, serif; font-size: 14px; line-height: 25.200000762939453px; margin-bottom: 1em; margin-top: 0em;&quot;&gt;
It&#39;s no scientific revelation that it&#39;s the experiences from our everyday lives that inform our work, and in Dr. Julian&#39;s case, he used these experiences, overcoming tremendous challenges and racial barriers (and even a couple happy accidents) to become one of the most renowned and highly respected chemists in history.&lt;/div&gt;
&lt;div style=&quot;background-color: white; color: #505050; font-family: Georgia, &#39;Times New Roman&#39;, serif; font-size: 14px; line-height: 25.200000762939453px; margin-bottom: 1em; margin-top: 0em;&quot;&gt;
Visually, I was presented with a familiar challenge: to create something fun and engaging for us non-science types (&lt;em&gt;I confess to finding a way of skipping chemistry in high school&lt;/em&gt;), while still calling attention to Julian&#39;s key achievements in an appropriate&amp;nbsp;&lt;em&gt;(ie. correct and validated!)&lt;/em&gt;&amp;nbsp;way. Before getting too far into the research, I sketched thumbnails of the common association – that of a chemist in a lab full of beakers and tubes:&lt;/div&gt;
&lt;div style=&quot;background-color: white; color: #505050; font-family: Georgia, &#39;Times New Roman&#39;, serif; font-size: 14px; line-height: 25.200000762939453px; margin-bottom: 1em; margin-top: 0em;&quot;&gt;
&lt;span class=&quot;full-image-block ssNonEditable&quot; style=&quot;display: block;&quot;&gt;&lt;img alt=&quot;&quot; src=&quot;http://duttonart.net/storage/julian14-concepts.jpg?__SQUARESPACE_CACHEVERSION=1397236793844&quot; style=&quot;border: 0px none; max-width: 100%;&quot; /&gt;&lt;/span&gt;As I read more about his work, I became fascinated with his process in the specific field of organic chemistry, and how he discovered ways to take rare and exotic components and synthesize them or discover alternate organic substances in place of more cost-prohibitive resources. Yep, that&#39;s a mouthful! So here are two key examples: His most well known triumph was the synthesis of the alkaloid,&amp;nbsp;&lt;a href=&quot;http://en.wikipedia.org/wiki/Physostigmine&quot; style=&quot;color: #90c0d0; text-decoration: none;&quot;&gt;physostigmine&lt;/a&gt;, found in the african calabar bean, which led to a more readily available treatment of ailments such as glaucoma and Alzheimer&#39;s Disease. He also pioneered many uses from the soybean and soybean oil, developing a better process for obtaining&amp;nbsp;&lt;a href=&quot;http://en.wikipedia.org/wiki/Cortisone&quot; style=&quot;color: #90c0d0; text-decoration: none;&quot;&gt;cortisone&lt;/a&gt;&amp;nbsp;to treat arthritis or to aid the body in the receiving of organ transplants.&amp;nbsp;&lt;/div&gt;
&lt;div style=&quot;background-color: white; color: #505050; font-family: Georgia, &#39;Times New Roman&#39;, serif; font-size: 14px; line-height: 25.200000762939453px; margin-bottom: 1em; margin-top: 0em;&quot;&gt;
With these amazing feats in mind, I began to play with the idea of the chemical potential in plants, going as far as to have beakers growing on soy plants, or leaves growing out of metal tubes.&lt;/div&gt;
&lt;div style=&quot;background-color: white; color: #505050; font-family: Georgia, &#39;Times New Roman&#39;, serif; font-size: 14px; line-height: 25.200000762939453px; margin-bottom: 1em; margin-top: 0em;&quot;&gt;
&lt;span class=&quot;full-image-block ssNonEditable&quot; style=&quot;display: block;&quot;&gt;&lt;img alt=&quot;&quot; src=&quot;http://duttonart.net/storage/julian2.jpg?__SQUARESPACE_CACHEVERSION=1397237350391&quot; style=&quot;border: 0px none; max-width: 100%;&quot; /&gt;&lt;/span&gt;&lt;/div&gt;
&lt;div style=&quot;background-color: white; color: #505050; font-family: Georgia, &#39;Times New Roman&#39;, serif; font-size: 14px; line-height: 25.200000762939453px; margin-bottom: 1em; margin-top: 0em;&quot;&gt;
However, I decided clever metaphors (or just really bad puns) wasn&#39;t the best way to go. But I did want to maintain a lighter graphical treatment, hopefully appealing to young future scientists. Combining that aesthetic with something resembling diagrams out of a school textbook was the direction I took, which felt appropriate considering the obstacles Julian personally overcame in receiving his own education.&lt;/div&gt;
&lt;div style=&quot;background-color: white; color: #505050; font-family: Georgia, &#39;Times New Roman&#39;, serif; font-size: 14px; line-height: 25.200000762939453px; margin-bottom: 1em; margin-top: 0em;&quot;&gt;
&lt;span class=&quot;full-image-block ssNonEditable&quot; style=&quot;display: block;&quot;&gt;&lt;img alt=&quot;&quot; src=&quot;http://duttonart.net/storage/julian-notes.jpg?__SQUARESPACE_CACHEVERSION=1397237641470&quot; style=&quot;border: 0px none; max-width: 100%;&quot; /&gt;&lt;/span&gt;Happy 115th birthday to the NOT Forgotten Genius, Dr. Percy Lavon Julian!&lt;/div&gt;
&lt;div style=&quot;background-color: white; color: #505050; font-family: Georgia, &#39;Times New Roman&#39;, serif; font-size: 14px; line-height: 25.200000762939453px; margin-bottom: 1em; margin-top: 0em;&quot;&gt;
&lt;span class=&quot;full-image-block ssNonEditable&quot; style=&quot;display: block;&quot;&gt;&lt;img alt=&quot;&quot; src=&quot;http://duttonart.net/storage/julian14-now.jpg?__SQUARESPACE_CACHEVERSION=1397237724734&quot; style=&quot;border: 0px none; max-width: 100%;&quot; /&gt;&lt;/span&gt;&lt;span class=&quot;full-image-block ssNonEditable&quot; style=&quot;display: block;&quot;&gt;&lt;br /&gt;&lt;/span&gt;&lt;span class=&quot;full-image-block ssNonEditable&quot; style=&quot;display: block;&quot;&gt;posted by&amp;nbsp;&lt;a href=&quot;http://www.google.com/doodles/search?query=mike+dutton&quot; style=&quot;color: #6611cc; text-decoration: none;&quot;&gt;Mike Dutton&lt;/a&gt;, Doodler&lt;/span&gt;&lt;/div&gt;
&lt;/p&gt;
  
  &lt;p&gt;&lt;strong&gt;Location:&lt;/strong&gt;
     
       
         &lt;a href=&quot;http://www.google.com/doodles/search?query=United States&quot;&gt;United States&lt;/a&gt;
       
    
  &lt;/p&gt;
  &lt;p&gt;&lt;strong&gt;Tags:&lt;/strong&gt;
    
      &lt;a href=&quot;http://www.google.com/doodles/search?query=organic chemistry&quot;&gt;organic chemistry&lt;/a&gt;,
    
      &lt;a href=&quot;http://www.google.com/doodles/search?query=cortisone&quot;&gt;cortisone&lt;/a&gt;,
    
      &lt;a href=&quot;http://www.google.com/doodles/search?query=physostigmine&quot;&gt;physostigmine&lt;/a&gt;,
    
      &lt;a href=&quot;http://www.google.com/doodles/search?query=Sciences&quot;&gt;Sciences&lt;/a&gt;,
    
      &lt;a href=&quot;http://www.google.com/doodles/search?query=Birthday&quot;&gt;Birthday&lt;/a&gt;,
    
      &lt;a href=&quot;http://www.google.com/doodles/search?query=laboratory&quot;&gt;laboratory&lt;/a&gt;,
    
      &lt;a href=&quot;http://www.google.com/doodles/search?query=chemistry&quot;&gt;chemistry&lt;/a&gt;,
    
      &lt;a href=&quot;http://www.google.com/doodles/search?query=synthesis&quot;&gt;synthesis&lt;/a&gt;
    
  &lt;/p&gt;

      </description>

    </item>
  

  
    <item>
      <title>Dionisios Solomos&#39;s 216th Birthday</title>
      <link>http://www.google.com/doodles/dionisios-solomoss-216th-birthday</link>

      <description>

  &lt;p&gt;&lt;a href=&quot;http://www.google.com/doodles/dionisios-solomoss-216th-birthday&quot;&gt;
     &lt;img src=&quot;//lh3.ggpht.com/r4Qq0soacA8Lz1gwo81cC5NlsOJE60HCmXOrN7I-pr9dG7ucae83nFY3uBvnFn4G1e5XzcmPRmNUrMIZi-wpSq9e30G9HwQWka8coPc&quot; alt=&quot;Dionisios Solomos&amp;#39;s 216th Birthday&quot;/&gt;&lt;/a&gt;&lt;/p&gt;
  &lt;p&gt;&lt;strong&gt;Date:&lt;/strong&gt; April 8, 2014&lt;/p&gt;
  
  &lt;p&gt;&lt;strong&gt;Location:&lt;/strong&gt;
     
       
         &lt;a href=&quot;http://www.google.com/doodles/search?query=Greece&quot;&gt;Greece&lt;/a&gt;
       
    
  &lt;/p&gt;
  &lt;p&gt;&lt;strong&gt;Tags:&lt;/strong&gt;
    
      &lt;a href=&quot;http://www.google.com/doodles/search?query=Literature&quot;&gt;Literature&lt;/a&gt;,
    
      &lt;a href=&quot;http://www.google.com/doodles/search?query=Poetry&quot;&gt;Poetry&lt;/a&gt;,
    
      &lt;a href=&quot;http://www.google.com/doodles/search?query=ocean&quot;&gt;ocean&lt;/a&gt;,
    
      &lt;a href=&quot;http://www.google.com/doodles/search?query=woman&quot;&gt;woman&lt;/a&gt;,
    
      &lt;a href=&quot;http://www.google.com/doodles/search?query=Birthday&quot;&gt;Birthday&lt;/a&gt;,
    
      &lt;a href=&quot;http://www.google.com/doodles/search?query=moon&quot;&gt;moon&lt;/a&gt;
    
  &lt;/p&gt;

      </description>

    </item>
  

  
    <item>
      <title>Victoria Ocampo&#39;s 124th Birthday (born 1890)</title>
      <link>http://www.google.com/doodles/victoria-ocampos-124th-birthday-born-1890</link>

      <description>

  &lt;p&gt;&lt;a href=&quot;http://www.google.com/doodles/victoria-ocampos-124th-birthday-born-1890&quot;&gt;
     &lt;img src=&quot;//lh6.ggpht.com/jvENotsSgtMAJVBqn2Cc3owKIA8fH1jETIjs9ZpLwbEfmggIkPb4mGBFAjxcGvRJKQeUt6Z0HpAxE0ZBOGum8YaJ8UPCNKw7e0Cq60E&quot; alt=&quot;Victoria Ocampo&amp;#39;s 124th Birthday (born 1890)&quot;/&gt;&lt;/a&gt;&lt;/p&gt;
  &lt;p&gt;&lt;strong&gt;Date:&lt;/strong&gt; April 7, 2014&lt;/p&gt;
  
  &lt;p&gt;&lt;strong&gt;Location:&lt;/strong&gt;
     
       
         &lt;a href=&quot;http://www.google.com/doodles/search?query=Argentina&quot;&gt;Argentina&lt;/a&gt;
       
    
  &lt;/p&gt;
  &lt;p&gt;&lt;strong&gt;Tags:&lt;/strong&gt;
    
      &lt;a href=&quot;http://www.google.com/doodles/search?query=Literature&quot;&gt;Literature&lt;/a&gt;,
    
      &lt;a href=&quot;http://www.google.com/doodles/search?query=writer&quot;&gt;writer&lt;/a&gt;,
    
      &lt;a href=&quot;http://www.google.com/doodles/search?query=Birthday&quot;&gt;Birthday&lt;/a&gt;,
    
      &lt;a href=&quot;http://www.google.com/doodles/search?query=magazine&quot;&gt;magazine&lt;/a&gt;,
    
      &lt;a href=&quot;http://www.google.com/doodles/search?query=Sur&quot;&gt;Sur&lt;/a&gt;
    
  &lt;/p&gt;

      </description>

    </item>
  

  
    <item>
      <title>Cricket T20 World Cup 2014 Final</title>
      <link>http://www.google.com/doodles/cricket-t20-world-cup-2014-final</link>

      <description>

  &lt;p&gt;&lt;a href=&quot;http://www.google.com/doodles/cricket-t20-world-cup-2014-final&quot;&gt;
     &lt;img src=&quot;//lh4.ggpht.com/dkDq8Ll4CX2jatthSHozO3hCQpJQzdg4ccwaqbrMVElNQvWM2c55rrr8RVkbnfAKmMM-6MXhtnNmIvvVcD1RdGrV4asVc-EdHe6vqkp7&quot; alt=&quot;Cricket T20 World Cup 2014 Final&quot;/&gt;&lt;/a&gt;&lt;/p&gt;
  &lt;p&gt;&lt;strong&gt;Date:&lt;/strong&gt; April 6, 2014&lt;/p&gt;
  
  &lt;p&gt;&lt;div dir=&quot;ltr&quot; style=&quot;text-align: left;&quot; trbidi=&quot;on&quot;&gt;
&lt;span style=&quot;font-family: Arial, sans-serif; font-size: 13px; line-height: 18.144001007080078px;&quot;&gt;Illustrated by guest artist &lt;a href=&quot;http://nickiluzada.com/&quot; target=&quot;_blank&quot;&gt;Nick Iluzada&lt;/a&gt;.&lt;/span&gt;&lt;/div&gt;
&lt;/p&gt;
  
  &lt;p&gt;&lt;strong&gt;Location:&lt;/strong&gt;
     
       
         &lt;a href=&quot;http://www.google.com/doodles/search?query=Australia&quot;&gt;Australia&lt;/a&gt;,
       
         &lt;a href=&quot;http://www.google.com/doodles/search?query=Bangladesh&quot;&gt;Bangladesh&lt;/a&gt;,
       
         &lt;a href=&quot;http://www.google.com/doodles/search?query=Denmark&quot;&gt;Denmark&lt;/a&gt;,
       
         &lt;a href=&quot;http://www.google.com/doodles/search?query=India&quot;&gt;India&lt;/a&gt;,
       
         &lt;a href=&quot;http://www.google.com/doodles/search?query=Ireland&quot;&gt;Ireland&lt;/a&gt;,
       
         &lt;a href=&quot;http://www.google.com/doodles/search?query=New Zealand&quot;&gt;New Zealand&lt;/a&gt;,
       
         &lt;a href=&quot;http://www.google.com/doodles/search?query=Sri Lanka&quot;&gt;Sri Lanka&lt;/a&gt;,
       
         &lt;a href=&quot;http://www.google.com/doodles/search?query=United Kingdom&quot;&gt;United Kingdom&lt;/a&gt;
       
    
  &lt;/p&gt;
  &lt;p&gt;&lt;strong&gt;Tags:&lt;/strong&gt;
    
      &lt;a href=&quot;http://www.google.com/doodles/search?query=Guest Artist&quot;&gt;Guest Artist&lt;/a&gt;,
    
      &lt;a href=&quot;http://www.google.com/doodles/search?query=Current Event&quot;&gt;Current Event&lt;/a&gt;,
    
      &lt;a href=&quot;http://www.google.com/doodles/search?query=T20 World Cup&quot;&gt;T20 World Cup&lt;/a&gt;,
    
      &lt;a href=&quot;http://www.google.com/doodles/search?query=Cricket&quot;&gt;Cricket&lt;/a&gt;,
    
      &lt;a href=&quot;http://www.google.com/doodles/search?query=Sports&quot;&gt;Sports&lt;/a&gt;
    
  &lt;/p&gt;

      </description>

    </item>
  

  
    <item>
      <title>Octavio Paz&#39;s 100th Birthday (born 1914)</title>
      <link>http://www.google.com/doodles/octavio-pazs-100th-birthday-born-1914</link>

      <description>

  &lt;p&gt;&lt;a href=&quot;http://www.google.com/doodles/octavio-pazs-100th-birthday-born-1914&quot;&gt;
     &lt;img src=&quot;//lh4.ggpht.com/5Y8tfjgNJJFbmwfvxFknress25Lv38IHj8C4StNg1sg5zA4gT0Wni_xNyWXQMStM-99CPjj3Op_EFxA3jrE4i_PzqI_IFIv_dgHztMyy&quot; alt=&quot;Octavio Paz&amp;#39;s 100th Birthday (born 1914)&quot;/&gt;&lt;/a&gt;&lt;/p&gt;
  &lt;p&gt;&lt;strong&gt;Date:&lt;/strong&gt; March 31, 2014&lt;/p&gt;
  
  &lt;p&gt;&lt;strong&gt;Location:&lt;/strong&gt;
     
       
         &lt;a href=&quot;http://www.google.com/doodles/search?query=Belize&quot;&gt;Belize&lt;/a&gt;,
       
         &lt;a href=&quot;http://www.google.com/doodles/search?query=Bolivia&quot;&gt;Bolivia&lt;/a&gt;,
       
         &lt;a href=&quot;http://www.google.com/doodles/search?query=Chile&quot;&gt;Chile&lt;/a&gt;,
       
         &lt;a href=&quot;http://www.google.com/doodles/search?query=Colombia&quot;&gt;Colombia&lt;/a&gt;,
       
         &lt;a href=&quot;http://www.google.com/doodles/search?query=Costa Rica&quot;&gt;Costa Rica&lt;/a&gt;,
       
         &lt;a href=&quot;http://www.google.com/doodles/search?query=Dominican Republic&quot;&gt;Dominican Republic&lt;/a&gt;,
       
         &lt;a href=&quot;http://www.google.com/doodles/search?query=Ecuador&quot;&gt;Ecuador&lt;/a&gt;,
       
         &lt;a href=&quot;http://www.google.com/doodles/search?query=El Salvador&quot;&gt;El Salvador&lt;/a&gt;,
       
         &lt;a href=&quot;http://www.google.com/doodles/search?query=Guatemala&quot;&gt;Guatemala&lt;/a&gt;,
       
         &lt;a href=&quot;http://www.google.com/doodles/search?query=Honduras&quot;&gt;Honduras&lt;/a&gt;,
       
         &lt;a href=&quot;http://www.google.com/doodles/search?query=Mexico&quot;&gt;Mexico&lt;/a&gt;,
       
         &lt;a href=&quot;http://www.google.com/doodles/search?query=Nicaragua&quot;&gt;Nicaragua&lt;/a&gt;,
       
         &lt;a href=&quot;http://www.google.com/doodles/search?query=Panama&quot;&gt;Panama&lt;/a&gt;,
       
         &lt;a href=&quot;http://www.google.com/doodles/search?query=Paraguay&quot;&gt;Paraguay&lt;/a&gt;,
       
         &lt;a href=&quot;http://www.google.com/doodles/search?query=Peru&quot;&gt;Peru&lt;/a&gt;,
       
         &lt;a href=&quot;http://www.google.com/doodles/search?query=Puerto Rico&quot;&gt;Puerto Rico&lt;/a&gt;,
       
         &lt;a href=&quot;http://www.google.com/doodles/search?query=Spain&quot;&gt;Spain&lt;/a&gt;,
       
         &lt;a href=&quot;http://www.google.com/doodles/search?query=Uruguay&quot;&gt;Uruguay&lt;/a&gt;,
       
         &lt;a href=&quot;http://www.google.com/doodles/search?query=Venezuela&quot;&gt;Venezuela&lt;/a&gt;
       
    
  &lt;/p&gt;
  &lt;p&gt;&lt;strong&gt;Tags:&lt;/strong&gt;
    
      &lt;a href=&quot;http://www.google.com/doodles/search?query=Literature&quot;&gt;Literature&lt;/a&gt;,
    
      &lt;a href=&quot;http://www.google.com/doodles/search?query=author&quot;&gt;author&lt;/a&gt;,
    
      &lt;a href=&quot;http://www.google.com/doodles/search?query=labyrinth&quot;&gt;labyrinth&lt;/a&gt;,
    
      &lt;a href=&quot;http://www.google.com/doodles/search?query=coat&quot;&gt;coat&lt;/a&gt;,
    
      &lt;a href=&quot;http://www.google.com/doodles/search?query=writer&quot;&gt;writer&lt;/a&gt;,
    
      &lt;a href=&quot;http://www.google.com/doodles/search?query=sky&quot;&gt;sky&lt;/a&gt;,
    
      &lt;a href=&quot;http://www.google.com/doodles/search?query=symbols&quot;&gt;symbols&lt;/a&gt;,
    
      &lt;a href=&quot;http://www.google.com/doodles/search?query=Birthday&quot;&gt;Birthday&lt;/a&gt;,
    
      &lt;a href=&quot;http://www.google.com/doodles/search?query=stars&quot;&gt;stars&lt;/a&gt;,
    
      &lt;a href=&quot;http://www.google.com/doodles/search?query=night&quot;&gt;night&lt;/a&gt;,
    
      &lt;a href=&quot;http://www.google.com/doodles/search?query=maze&quot;&gt;maze&lt;/a&gt;,
    
      &lt;a href=&quot;http://www.google.com/doodles/search?query=hat&quot;&gt;hat&lt;/a&gt;,
    
      &lt;a href=&quot;http://www.google.com/doodles/search?query=drawing&quot;&gt;drawing&lt;/a&gt;,
    
      &lt;a href=&quot;http://www.google.com/doodles/search?query=man&quot;&gt;man&lt;/a&gt;
    
  &lt;/p&gt;

      </description>

    </item>
  

  
    <item>
      <title>Mother&#39;s day</title>
      <link>http://www.google.com/doodles/mothers-day</link>

      <description>

  &lt;p&gt;&lt;a href=&quot;http://www.google.com/doodles/mothers-day&quot;&gt;
     &lt;img src=&quot;//lh4.ggpht.com/cUlS8TzgP6dcJ3rPl6FaYINcP_-LWLvMNCJTfGzQDYIrxNf4_6IVfRO2sY35HmyZMOEvsNGhEYcL6SYKPelTvekLiNLuPeiAumaKiLKg&quot; alt=&quot;Mother&amp;#39;s day&quot;/&gt;&lt;/a&gt;&lt;/p&gt;
  &lt;p&gt;&lt;strong&gt;Date:&lt;/strong&gt; March 30, 2014&lt;/p&gt;
  
  &lt;p&gt;&lt;strong&gt;Location:&lt;/strong&gt;
     
       
         &lt;a href=&quot;http://www.google.com/doodles/search?query=United Kingdom&quot;&gt;United Kingdom&lt;/a&gt;
       
    
  &lt;/p&gt;
  &lt;p&gt;&lt;strong&gt;Tags:&lt;/strong&gt;
    
  &lt;/p&gt;

      </description>

    </item>
  

  
    <item>
      <title>Turkey Elections 2014</title>
      <link>http://www.google.com/doodles/turkey-elections-2014</link>

      <description>

  &lt;p&gt;&lt;a href=&quot;http://www.google.com/doodles/turkey-elections-2014&quot;&gt;
     &lt;img src=&quot;//lh4.ggpht.com/0V2SBqOSOORcTFbbstcMaEZ2lOlEjKaMNtztuQbZXv4D3LdRNMhKWCXXc5EUWNh6WgluL-BjZDNPdENlsPXScu_nNnS75Nzf1h3_tREA&quot; alt=&quot;Turkey Elections 2014&quot;/&gt;&lt;/a&gt;&lt;/p&gt;
  &lt;p&gt;&lt;strong&gt;Date:&lt;/strong&gt; March 30, 2014&lt;/p&gt;
  
  &lt;p&gt;&lt;strong&gt;Location:&lt;/strong&gt;
     
       
         &lt;a href=&quot;http://www.google.com/doodles/search?query=Turkey&quot;&gt;Turkey&lt;/a&gt;
       
    
  &lt;/p&gt;
  &lt;p&gt;&lt;strong&gt;Tags:&lt;/strong&gt;
    
      &lt;a href=&quot;http://www.google.com/doodles/search?query=National Holiday&quot;&gt;National Holiday&lt;/a&gt;
    
  &lt;/p&gt;

      </description>

    </item>
  

  
    <item>
      <title>Doodle 4 Google winner - Ireland </title>
      <link>http://www.google.com/doodles/doodle-4-google-winner-ireland</link>

      <description>

  &lt;p&gt;&lt;a href=&quot;http://www.google.com/doodles/doodle-4-google-winner-ireland&quot;&gt;
     &lt;img src=&quot;//lh3.ggpht.com/L08zag4mzm7cVljX8F7vgA1pXYQJ-wbEU7y29-7KF2Ad_VCQ7nYxisJaGHHO8utwOLK5GarFZaS4mvLENWCc6Do4NjvXyVgxNI3u-NKL&quot; alt=&quot;Doodle 4 Google winner - Ireland &quot;/&gt;&lt;/a&gt;&lt;/p&gt;
  &lt;p&gt;&lt;strong&gt;Date:&lt;/strong&gt; March 26, 2014&lt;/p&gt;
  
  &lt;p&gt;&lt;strong&gt;Location:&lt;/strong&gt;
     
       
         &lt;a href=&quot;http://www.google.com/doodles/search?query=Ireland&quot;&gt;Ireland&lt;/a&gt;
       
    
  &lt;/p&gt;
  &lt;p&gt;&lt;strong&gt;Tags:&lt;/strong&gt;
    
  &lt;/p&gt;

      </description>

    </item>
  

  
    <item>
      <title>Dorothy Irene Height&#39;s 102nd Birthday (born 1912)</title>
      <link>http://www.google.com/doodles/dorothy-irene-heights-102nd-birthday-born-1912</link>

      <description>

  &lt;p&gt;&lt;a href=&quot;http://www.google.com/doodles/dorothy-irene-heights-102nd-birthday-born-1912&quot;&gt;
     &lt;img src=&quot;//lh3.ggpht.com/c9dUZvtc2RoI5Pfb7M21Lo6JSQWwN72lkLwYVJNPBn34m956MoaPt6wLXykLfpS-v0EGREIi2mBGtc1qxGZx-kjUZnoTCwbM3IAxZBI&quot; alt=&quot;Dorothy Irene Height&amp;#39;s 102nd Birthday (born 1912)&quot;/&gt;&lt;/a&gt;&lt;/p&gt;
  &lt;p&gt;&lt;strong&gt;Date:&lt;/strong&gt; March 24, 2014&lt;/p&gt;
  
  &lt;p&gt;&lt;div style=&quot;background-color: white; color: #505050; font-size: 14px; line-height: 25.200000762939453px; margin-bottom: 1em; margin-top: 0em;&quot;&gt;
&lt;span class=&quot;full-image-block ssNonEditable&quot; style=&quot;display: block; font-family: Georgia, &#39;Times New Roman&#39;, serif;&quot;&gt;&lt;br class=&quot;Apple-interchange-newline&quot; /&gt;&lt;img alt=&quot;&quot; src=&quot;http://duttonart.net/storage/dorothy-height-portrait.jpg?__SQUARESPACE_CACHEVERSION=1395634732240&quot; style=&quot;border: 0px none; max-width: 100%;&quot; /&gt;&lt;/span&gt;&lt;span style=&quot;font-family: inherit;&quot;&gt;Dorothy Irene Height was a monumental figure and unsung heroine in the movement for Civil Rights and Women&#39;s Rights. Rather than attempt to describe some of her contributions, here is a note from another Googler, who actually had the opportunity to work with Dr. Height:&lt;/span&gt;&lt;/div&gt;
&lt;div dir=&quot;ltr&quot; style=&quot;line-height: 1.7181818702004172; margin-bottom: 11pt; margin-top: 0pt;&quot;&gt;
&lt;span style=&quot;font-family: inherit; font-size: 15px; line-height: 1.15; white-space: pre-wrap;&quot;&gt;Dr. Dorothy Height was a woman who broke barriers and forged coalitions. She was a trailblazer at the forefront of many of the hard-fought civil rights victories of the 1960s, and was a powerful champion for social justice and equality and the policy issues still at stake today.&lt;/span&gt;&lt;/div&gt;
&lt;div style=&quot;background-color: white; color: #505050; font-size: 14px; line-height: 25.200000762939453px; margin-bottom: 1em; margin-top: 0em;&quot;&gt;
&lt;span style=&quot;background-color: transparent; color: black; font-family: inherit; font-size: 15px; line-height: 1.15; white-space: pre-wrap;&quot;&gt;Before I came to Google, I worked for seven years at the nation’s largest and most diverse civil rights coalition, The Leadership Conference on Civil and Human Rights (www.civilrights.org), which Dr. Height chaired. Dr. Height was an active and visible presence in every major civil and human rights campaign I got to work on -- whether it was a campaign to reauthorize the Voting Rights Act, advocate for federal protection for LGBT workers (in the form of the Employment Non-Discrimination Act), or demand U.S. ratification of the Convention to End All Forms of Discrimination Against Women. She was an active and visible presence, challenging us to build stronger and more diverse alliances, to err on the side of justice, and to carry forward the work of the civil rights movement. &lt;/span&gt;&lt;/div&gt;
&lt;div style=&quot;background-color: white; color: #505050; font-size: 14px; line-height: 25.200000762939453px; margin-bottom: 1em; margin-top: 0em;&quot;&gt;
&lt;span style=&quot;background-color: transparent; color: black; font-family: inherit; font-size: 15px; line-height: 1.15; white-space: pre-wrap;&quot;&gt;As we celebrate Dr. Height’s birthday, I’m honored to be able to say that I had the chance to work alongside her. And even more than that, I’m grateful that the work she began so many years ago continues today.&lt;/span&gt;&lt;/div&gt;
&lt;div style=&quot;background-color: white; color: #505050; font-size: 14px; line-height: 25.200000762939453px; margin-bottom: 1em; margin-top: 0em;&quot;&gt;
&lt;b style=&quot;font-weight: normal;&quot;&gt;&lt;span style=&quot;font-family: inherit;&quot;&gt;&lt;span style=&quot;background-color: transparent; color: black; font-size: 15px; font-style: normal; font-variant: normal; font-weight: normal; text-decoration: none; vertical-align: baseline; white-space: pre-wrap;&quot;&gt;&lt;/span&gt;&lt;/span&gt;&lt;/b&gt;&lt;/div&gt;
&lt;div dir=&quot;ltr&quot; style=&quot;line-height: 1.15; margin-bottom: 0pt; margin-top: 0pt;&quot;&gt;
&lt;span style=&quot;background-color: transparent; color: black; font-size: 15px; font-style: normal; font-variant: normal; font-weight: normal; text-decoration: none; vertical-align: baseline; white-space: pre-wrap;&quot;&gt;&lt;span style=&quot;font-family: inherit;&quot;&gt;-Erica Swanson, Googler&lt;/span&gt;&lt;/span&gt;&lt;/div&gt;
&lt;div dir=&quot;ltr&quot; style=&quot;line-height: 1.15; margin-bottom: 0pt; margin-top: 0pt;&quot;&gt;
&lt;span style=&quot;background-color: transparent; color: black; font-size: 15px; font-style: normal; font-variant: normal; font-weight: normal; text-decoration: none; vertical-align: baseline; white-space: pre-wrap;&quot;&gt;&lt;span style=&quot;font-family: inherit;&quot;&gt;&lt;br /&gt;&lt;/span&gt;&lt;/span&gt;&lt;/div&gt;
&lt;div style=&quot;background-color: white; color: #505050; font-size: 14px; line-height: 25.200000762939453px; margin-bottom: 1em; margin-top: 0em;&quot;&gt;
&lt;span style=&quot;font-family: inherit;&quot;&gt;As is often the case, our team faced a creative challenge: How to take someone&#39;s incredible legacy and celebrate it in an unique way within the context of a doodle?&lt;/span&gt;&lt;/div&gt;
&lt;div style=&quot;background-color: white; color: #505050; font-family: Georgia, &#39;Times New Roman&#39;, serif; font-size: 14px; line-height: 25.200000762939453px; margin-bottom: 1em; margin-top: 0em;&quot;&gt;
&lt;img alt=&quot;&quot; src=&quot;http://duttonart.net/storage/dorothy-draftsketch.jpg?__SQUARESPACE_CACHEVERSION=1395635386713&quot; style=&quot;border: 0px none; max-width: 100%; width: 375px;&quot; /&gt;&lt;/div&gt;
&lt;div style=&quot;background-color: white; color: #505050; font-size: 14px; line-height: 25.200000762939453px; margin-bottom: 1em; margin-top: 0em;&quot;&gt;
&lt;span style=&quot;font-family: inherit;&quot;&gt;Many routes were explored, but ultimately, a graceful portrait seemed the most appropriate direction. &quot;Portrait&quot; doodles are similar to illustrations you find on currency or stamps. There&#39;s definitely an air of dignity and reverence about them and while a bit atypical to the the quirkier things we celebrate, such as the recent animated doodles for For Day of Spring and Fall, there is still room to make them stand out creatively. You can see here that I haven&#39;t gotten that far yet. It&#39;s a scanned in drawing with some digital touch-ups. Yet, a long time is spent in these early stages to take a simple photo reference and alter the angle, tilt, gesture, lighting, etc, juuuust enough to give her a look that is at once aspirational, poised, and determined.&amp;nbsp;&lt;/span&gt;&lt;/div&gt;
&lt;div style=&quot;background-color: white; color: #505050; font-size: 14px; line-height: 25.200000762939453px; margin-bottom: 1em; margin-top: 0em;&quot;&gt;
&lt;span style=&quot;font-family: inherit;&quot;&gt;I also looked to the trends of magazine illustrations in the 60s happening around the same time of the Civil Rights movement. One thing I really like about this era in illustration is the ability to take photo referenced images, then mash them together in graphically interesting ways, utilizing line, value, lost and found edges, pattern, etc.&lt;/span&gt;&lt;/div&gt;
&lt;div style=&quot;background-color: white; color: #505050; font-size: 14px; line-height: 25.200000762939453px; margin-bottom: 1em; margin-top: 0em;&quot;&gt;
&lt;span class=&quot;full-image-block ssNonEditable&quot; style=&quot;display: block; font-family: Georgia, &#39;Times New Roman&#39;, serif;&quot;&gt;&lt;img alt=&quot;&quot; src=&quot;http://duttonart.net/storage/height-inspiration.jpg?__SQUARESPACE_CACHEVERSION=1395675461015&quot; style=&quot;border: 0px none; max-width: 100%;&quot; /&gt;&lt;span class=&quot;thumbnail-caption&quot; style=&quot;display: block; font-family: Verdana, sans-serif; font-size: 9px; line-height: 14px; padding-bottom: 10px; padding-top: 5px; width: 600px;&quot;&gt;My three heroes from that era – from top left, clockwise: Bernie Fuchs, Mark English, Bob Peak. I actually learned some of the drybrush look that Mark English invented from my mentor (and close friend of English), Bill Maughan. Mark even visited my class once. He nodded at a head drawing I was working on... good or bad, I dunno.&lt;/span&gt;&lt;/span&gt;&lt;span style=&quot;font-family: inherit;&quot;&gt;I wanted to utilize this technique to call out several things regarding Dorothy Height: &amp;nbsp;&lt;/span&gt;&lt;/div&gt;
&lt;ol style=&quot;background-color: white; color: #505050; font-size: 14px; line-height: 25.200000762939453px;&quot;&gt;
&lt;li&gt;&lt;span style=&quot;font-family: inherit;&quot;&gt;To depict not just her, but her cause. In this case, represented by the marching crowd of women alongside her.&lt;/span&gt;&lt;/li&gt;
&lt;li&gt;&lt;span style=&quot;font-family: inherit;&quot;&gt;The marching crowd becomes an abstract series of dots, making their way into the form of her portrait – she was the voice of many.&lt;/span&gt;&lt;/li&gt;
&lt;li&gt;&lt;span style=&quot;font-family: inherit;&quot;&gt;She often wore beautiful, large, ornate, purple hats. She wore these throughout her life, but was most often photographed in them at a later age. The purple dominates the color scheme of the doodle. The hat usually seen on an older Dorothy Height being seen here on a younger Dorothy Height acknowledges her as a public figure in both, young and later years.&amp;nbsp;&lt;/span&gt;&lt;/li&gt;
&lt;/ol&gt;
&lt;div style=&quot;background-color: white; color: #505050; font-family: Georgia, &#39;Times New Roman&#39;, serif; font-size: 14px; line-height: 25.200000762939453px; margin-bottom: 1em; margin-top: 0em;&quot;&gt;
&lt;span class=&quot;full-image-block ssNonEditable&quot; style=&quot;display: block;&quot;&gt;&lt;img alt=&quot;&quot; src=&quot;http://duttonart.net/storage/jfk-bo.jpg?__SQUARESPACE_CACHEVERSION=1395637832163&quot; style=&quot;border: 0px none; max-width: 100%;&quot; /&gt;&lt;span class=&quot;thumbnail-caption&quot; style=&quot;display: block; font-family: Verdana, sans-serif; font-size: 9px; line-height: 14px; padding-bottom: 10px; padding-top: 5px; width: 389px;&quot;&gt;top: Seen with President Kennedy as he signs the Equal Pay Act. below: President Obama signs a bill in her honor&lt;/span&gt;&lt;/span&gt;&lt;/div&gt;
&lt;div style=&quot;background-color: white; color: #505050; font-size: 14px; line-height: 25.200000762939453px; margin-bottom: 1em; margin-top: 0em;&quot;&gt;
&lt;span style=&quot;font-family: inherit;&quot;&gt;Happy 102nd, Dr. Dorothy Irene Height!&lt;/span&gt;&lt;/div&gt;
&lt;div style=&quot;background-color: white; color: #505050; font-size: 14px; line-height: 25.200000762939453px; margin-bottom: 1em; margin-top: 0em;&quot;&gt;
&lt;span class=&quot;full-image-block ssNonEditable&quot; style=&quot;display: block;&quot;&gt;&lt;img alt=&quot;&quot; src=&quot;http://duttonart.net/storage/dorothy-heigh14-post.jpg?__SQUARESPACE_CACHEVERSION=1395638225155&quot; style=&quot;border: 0px none; max-width: 100%;&quot; /&gt;&lt;/span&gt;&lt;span class=&quot;full-image-block ssNonEditable&quot; style=&quot;display: block; font-family: Georgia, &#39;Times New Roman&#39;, serif;&quot;&gt;posted by&amp;nbsp;&lt;a href=&quot;http://www.google.com/doodles/search?query=mike+dutton&quot; style=&quot;color: #6611cc; text-decoration: none;&quot;&gt;Mike Dutton&lt;/a&gt;, Doodler, with thanks to Erica Swanson&lt;/span&gt;&lt;/div&gt;
&lt;/p&gt;
  
  &lt;p&gt;&lt;strong&gt;Location:&lt;/strong&gt;
     
       
         &lt;a href=&quot;http://www.google.com/doodles/search?query=United States&quot;&gt;United States&lt;/a&gt;
       
    
  &lt;/p&gt;
  &lt;p&gt;&lt;strong&gt;Tags:&lt;/strong&gt;
    
      &lt;a href=&quot;http://www.google.com/doodles/search?query=Civil Rights&quot;&gt;Civil Rights&lt;/a&gt;,
    
      &lt;a href=&quot;http://www.google.com/doodles/search?query=Birthday&quot;&gt;Birthday&lt;/a&gt;,
    
      &lt;a href=&quot;http://www.google.com/doodles/search?query=Women&amp;#39;s Rights&quot;&gt;Women&amp;#39;s Rights&lt;/a&gt;,
    
      &lt;a href=&quot;http://www.google.com/doodles/search?query=Educator&quot;&gt;Educator&lt;/a&gt;
    
  &lt;/p&gt;

      </description>

    </item>
  

  
    <item>
      <title>Election Day 2014 (FR)</title>
      <link>http://www.google.com/doodles/election-day-2014-fr</link>

      <description>

  &lt;p&gt;&lt;a href=&quot;http://www.google.com/doodles/election-day-2014-fr&quot;&gt;
     &lt;img src=&quot;//lh5.ggpht.com/gC5qbuCARD4AIS7BYh_Vj_rJKaawDpIU7Qm1-k5e69MNmW99RWCj_cHXWXdeZrEwfHQaXJQaY6Mf2WwUDowZq9CilDaRWRc9kiIlz6j-&quot; alt=&quot;Election Day 2014 (FR)&quot;/&gt;&lt;/a&gt;&lt;/p&gt;
  &lt;p&gt;&lt;strong&gt;Date:&lt;/strong&gt; March 23, 2014&lt;/p&gt;
  
  &lt;p&gt;&lt;strong&gt;Location:&lt;/strong&gt;
     
       
         &lt;a href=&quot;http://www.google.com/doodles/search?query=France&quot;&gt;France&lt;/a&gt;
       
    
  &lt;/p&gt;
  &lt;p&gt;&lt;strong&gt;Tags:&lt;/strong&gt;
    
      &lt;a href=&quot;http://www.google.com/doodles/search?query=National Holiday&quot;&gt;National Holiday&lt;/a&gt;,
    
      &lt;a href=&quot;http://www.google.com/doodles/search?query=democracy&quot;&gt;democracy&lt;/a&gt;,
    
      &lt;a href=&quot;http://www.google.com/doodles/search?query=colorful&quot;&gt;colorful&lt;/a&gt;,
    
      &lt;a href=&quot;http://www.google.com/doodles/search?query=municipal elections&quot;&gt;municipal elections&lt;/a&gt;,
    
      &lt;a href=&quot;http://www.google.com/doodles/search?query=National event&quot;&gt;National event&lt;/a&gt;,
    
      &lt;a href=&quot;http://www.google.com/doodles/search?query=hands&quot;&gt;hands&lt;/a&gt;,
    
      &lt;a href=&quot;http://www.google.com/doodles/search?query=voting&quot;&gt;voting&lt;/a&gt;,
    
      &lt;a href=&quot;http://www.google.com/doodles/search?query=ballot&quot;&gt;ballot&lt;/a&gt;
    
  &lt;/p&gt;

      </description>

    </item>
  

  

  

  

  

  

  

  

  

  

  

  

  

  

  

  

  

  

  

  

  

  

  

  

  

  </channel>
</rss>
